thai_id,full_name
1100100000001,สมชาย ใจดี
1100100000002,สมหญิง รักไทย
1100100000003,วิชัย ศรีสวัสดิ์
1100100000004,นภา มีสุข
1100100000005,ประเสริฐ ดีงาม
1100100000006,สุดา แก้วมณี
1100100000007,อนันต์ พรมมา
1100100000008,กมลา ทองคำ
1100100000009,ธีรพงษ์ จันทร์หอม
1100100000010,พิมพ์ใจ วงษ์สุวรรณ
1100100000011,ชาตรี บุญชู
1100100000012,มาลี เพชรงาม
1100100000013,ณัฐวุฒิ สมบัติ
1100100000014,รุ่งทิวา ขาวสะอาด
1100100000015,สงกรานต์ หิรัญ
1100100000016,ปาริชาต อินทรีย์
1100100000017,วีระ แสงสุวรรณ
1100100000018,จันทร์ดา พิมพ์ขาว
1100100000019,ศักดิ์ชัย ประดิษฐ์
1100100000020,เบญจมาศ ทับทิม